date,close,high,low,open,volume,dividends,stock splits,sma_200,macd,signal_line,macd_hist,returns,rsi,bb_lower,bb_upper,roc,hi_lo,hi_close,lo_close,true_range,ATR,obv,K,D
2015-05-01T00:00:00.000000000,0.5331418514251709,0.5512103842813478,0.49098197971961305,0.5391646574183748,7081336000,0.00245,0.0,,0.0,0.0,0.0,,,,,,0.06022840456173478,,,0.06022840456173478,,,,
2015-06-01T00:00:00.000000000,0.48671993613243103,0.5469851297260561,0.4833315474319195,0.5389981805296118,7333832000,0.0,0.0,,-0.0016181931256727955,-0.0001703361184918732,-0.0014478570071809224,-0.04642191529273987,,,,,0.06365358229413659,0.013843278300885165,0.049810303993251426,0.06365358229413659,,-0.08707235263682055,,
2015-07-01T00:00:00.000000000,0.48284754157066345,0.5058402596629149,0.4620330694410538,0.4988214703224117,5480404000,0.0,0.0,,-0.003188046971287495,-0.00048798989247035964,-0.002700057078817135,-0.003872394561767578,,,,,0.04380719022186108,0.019120323530483874,0.024686866691377207,0.04380719022186108,,-0.09502845690601971,,
2015-08-01T00:00:00.000000000,0.5440807342529297,0.579658986803037,0.48042718424197833,0.4867199098968879,9469492000,0.00245,0.0,,-0.002440861440600628,-0.0006935553185893352,-0.0017473061220112927,0.061233192682266235,,,,,0.09923180256105862,0.0968114452323735,0.0024203573286851188,0.09923180256105862,,0.031788369132028815,,
2015-09-01T00:00:00.000000000,0.599111020565033,0.5998401668912511,0.5201207673431,0.5305717874229752,6480208000,0.0,0.0,,0.000149203529504649,-0.0006048438608952317,0.0007540473903998807,0.05503028631210327,,,,,0.0797193995481511,0.05575943263832139,0.02395996690982971,0.0797193995481511,,0.132931973100408,,
2015-10-01T00:00:00.000000000,0.6895246505737305,0.6994896135112972,0.5704315599577763,0.5991111274141143,8052316000,0.0,0.0,,0.005604604411624026,0.000048782273054163734,0.005555822138569862,0.09041363000869751,,,,,0.12905805355352096,0.10037859294626428,0.02867946060725668,0.12905805355352096,,0.2838449540090661,,
2015-11-01T00:00:00.000000000,0.7709457874298096,0.7762928445037827,0.671539491047382,0.6917123974466344,7344816000,0.002875,0.0,,0.013279740382605487,0.0014415147056385134,0.011838225676966973,0.0814211368560791,,,,,0.10475335345640069,0.0867681939300522,0.017985159526348493,0.10475335345640069,,0.4019279504448444,,
2015-12-01T00:00:00.000000000,0.8041256070137024,0.8280346935651531,0.7799725679975479,0.7807044835586752,5627172000,0.0,0.0,,0.021225676434129537,0.003524058045479674,0.017701618388649865,0.03317981958389282,,,,,0.04806212556760525,0.057088906135343565,0.009026780567738313,0.057088906135343565,,0.44496576208463323,,
2016-01-01T00:00:00.000000000,0.7145882844924927,0.8158359086707389,0.6453008067105706,0.787779349328236,8138980000,0.0,0.0,,0.02511171672197443,0.005796443169321227,0.019315273552653202,-0.08953732252120972,,,,,0.1705351019601683,0.01171030165703646,0.15882480030313184,0.1705351019601683,,0.33361832862367646,,
2016-02-01T00:00:00.000000000,0.7650900483131409,0.7836317658583262,0.6038258437926421,0.7138563872410981,9000048000,0.002875,0.0,,0.030256260766355902,0.008371160811114352,0.02188509995524155,0.05050176382064819,,,,,0.17980592206568402,0.06904348136583349,0.11076244069985053,0.17980592206568402,,0.40429086120866703,,
2016-03-01T00:00:00.000000000,0.8724321722984314,0.8876134315881534,0.7600419787346386,0.7698363245011933,6577904000,0.0,0.0,,0.03848680787063741,0.011541228922643094,0.026945578947994313,0.10734212398529053,,,,,0.1275714528535148,0.12252338327501255,0.0050480695785022345,0.1275714528535148,,0.5445908484088101,,
2016-04-01T00:00:00.000000000,0.8699837923049927,0.9172415860597467,0.8479465091007707,0.8670454645261952,6734252000,0.0,0.0,,0.04561168131404869,0.015127592332264735,0.030484088981783956,-0.0024483799934387207,,,,,0.06929507695897597,0.04480941376131531,0.024485663197660656,0.06929507695897597,,0.5417844640603415,,
2016-05-01T00:00:00.000000000,1.1439807415008545,1.1464293864964785,0.8423146134544514,0.8783088308822604,10367836000,0.002875,0.0,,0.06136867245734867,0.019995074450694622,0.04137359800665405,0.2739969491958618,,,,,0.30411477304202716,0.27644559419148584,0.02766917885054132,0.30411477304202716,,0.8567293534012292,,
2016-06-01T00:00:00.000000000,1.1540706157684326,1.1916312742051454,1.0941698033182463,1.1415503572691972,8197900000,0.0,0.0,,0.07555977879399134,0.025843990697357433,0.049715788096633906,0.010089874267578125,,,,,0.09746147088689905,0.04765053270429087,0.04981093818260818,0.09746147088689905,,0.8655493220436564,,
2016-07-01T00:00:00.000000000,1.4017747640609741,1.4054571518303822,1.1300121586343284,1.1476877838128823,7210052000,0.0,0.0,,0.09659947760681131,0.03329193668782626,0.06330754091898505,0.2477041482925415,,,,,0.27544499319605387,0.2513865360619496,0.02405845713410426,0.27544499319605387,,1.080184496796467,,
2016-08-01T00:00:00.000000000,1.5058649778366089,1.5588918714053173,1.3624961123735895,1.407667156851263,9305120000,0.002875,0.0,,0.11866452001531369,0.042278524406509144,0.07638599560880455,0.10409021377563477,,,,,0.1963957590317278,0.15711710734434314,0.03927865168738465,0.1963957590317278,,1.1544405159832323,,
2016-09-01T00:00:00.000000000,1.6852298974990845,1.701708334652666,1.4097690056762067,1.5098695097471562,8665252000,0.0,0.0,,0.14420158248020332,0.053007267361634844,0.09119431511856847,0.17936491966247559,,,,,0.29193932897645936,0.19584335681605713,0.09609597216040222,0.29193932897645936,,1.2735514072665657,,
2016-10-01T00:00:00.000000000,1.7501600980758667,1.794184616941202,1.5666834386646828,1.6852300604596404,6551568000,0.0,0.0,,0.16876421488198579,0.06519220920588231,0.10357200567610347,0.06493020057678223,,,,,0.22750117827651906,0.10895471944211743,0.11854645883440162,0.22750117827651906,,1.3120803941265424,,
2016-11-01T00:00:00.000000000,2.2676331996917725,2.342646934541919,1.637516419629403,1.756554912469116,12767464000,0.0035,0.0,,0.20816354437379336,0.08024182343408348,0.12792172093970988,0.5174731016159058,,,,,0.7051305149125162,0.5924868364660525,0.11264367844646372,0.7051305149125162,,1.6077522599088887,,
2016-12-01T00:00:00.000000000,2.6291701793670654,2.954060209147505,2.088015427990548,2.268564543459174,18082228000,0.0,0.0,,0.2552116921402299,0.09865970435051995,0.1565519877897099,0.36153697967529297,,,,,0.8660447811569569,0.6864270094557323,0.17961777170122462,0.8660447811569569,,1.7671858842377417,,
2017-01-01T00:00:00.000000000,2.6892714500427246,2.7560228973757988,2.441231862824955,2.5715325371885864,13396840000,0.0,0.0,,0.2984201127921945,0.11968711576543306,0.17873299702676143,0.06010127067565918,,,,,0.31479103455084356,0.12685271800873332,0.18793831654211024,0.31479103455084356,,1.7900452910373912,,
2017-02-01T00:00:00.000000000,2.499608278274536,2.9784454103667697,2.3572379796788194,2.723755223961681,14206788000,0.0035,0.0,,0.3293807537526994,0.14176013029040846,0.18762062346229091,-0.18966317176818848,,,,,0.6212074306879503,0.2891739603240451,0.3320334703639052,0.6212074306879503,,1.7195194347631295,,
2017-03-01T00:00:00.000000000,2.68649959564209,2.7128886903660243,2.3471420185776,2.559733720981494,14288960000,0.0,0.0,,0.36248173080081125,0.164993982975714,0.19748774782509726,0.1868913173675537,,,,,0.3657466717884241,0.21328041209148818,0.15246625969693595,0.3657466717884241,,1.7942876770481022,,
2017-04-01T00:00:00.000000000,2.5723114013671875,2.7042563838179507,2.355033586141041,2.686992624678921,9572572000,0.0,0.0,,0.3868954828963367,0.18835203559893746,0.19854344729739923,-0.11418819427490234,,,,,0.34922279767690956,0.017756788175860905,0.33146600950104865,0.34922279767690956,,1.7517832246148568,,
2017-05-01T00:00:00.000000000,3.560049057006836,3.6254048450082856,2.523232466457868,2.5831626364855116,19209444000,0.0035,0.0,,0.44192138838372697,0.21504354641838896,0.226877841965338,0.9877376556396484,,,,,1.1021723785504176,1.0530934436410981,0.04907893490931947,1.1021723785504176,,2.1357715920864875,,
2017-06-01T00:00:00.000000000,3.568984270095825,4.160029395947591,3.5084972254159674,3.579600187786007,23445520000,0.0,0.0,,0.48990100995002317,0.24397591100066626,0.2459250989493569,0.008935213088989258,,,,,0.6515321705316235,0.599980338940755,0.05155183159086851,0.6515321705316235,,2.1382814488176476,,
2017-07-01T00:00:00.000000000,4.012143611907959,4.195333137908939,3.4213455945699263,3.5810808883776275,15491016000,0.0,0.0,,0.5466091296202447,0.27583203927641137,0.2707770903438333,0.4431593418121338,,,,,0.7739875433390129,0.6263488678131139,0.14763867552589893,0.7739875433390129,,2.2624510467408783,,
2017-08-01T00:00:00.000000000,4.183236122131348,4.309641529667753,3.7751336256960446,4.002762247765617,14728216000,0.0035,0.0,,0.6014337124584894,0.3101058996113669,0.2913278128471225,0.17109251022338867,,,,,0.5345079039717087,0.2974979177597943,0.23700998621191438,0.5345079039717087,,2.305094712265609,,
2017-09-01T00:00:00.000000000,4.41746711730957,4.724616611812538,4.020618885147101,4.1995219538928374,14447336000,0.0,0.0,,0.6566243202257884,0.3465815228339376,0.3100427973918508,0.23423099517822266,,,,,0.7039977266654365,0.54138048968119,0.16261723698424646,0.7039977266654365,,2.3610874863619666,,
2017-10-01T00:00:00.000000000,5.110344409942627,5.1370315231905135,4.373729559628303,4.467628626884774,11422664000,0.0,0.0,,0.7279678984977016,0.3867274571143338,0.3412404413833678,0.6928772926330566,-9.74681309617959,,,,0.7633019635622107,0.7195644058809432,0.043737557681267525,0.7633019635622107,,2.517936937468928,-462.8515340344444,
2017-11-01T00:00:00.000000000,4.959611892700195,5.403409932270354,4.725357892031819,5.173109299254724,11830896000,0.00375,0.0,,0.7840672819119838,0.4285527018298759,0.3555145800821079,-0.15073251724243164,-13.483970072973866,,,,0.6780520402385353,0.2930655223277272,0.38498651791080807,0.6780520402385353,,2.4884413682565736,-489.6401074596709,
2017-12-01T00:00:00.000000000,4.7847723960876465,4.952919508511068,4.465293071139039,4.928439047969781,10112216000,0.0,0.0,,0.8256019077053356,0.4703473550799243,0.3552545526254113,-0.17483949661254883,-16.874653898059783,,,,0.4876264373720298,0.0066923841891268765,0.4943188215611567,0.4943188215611567,,2.4531887113158386,-489.81494695628345,-480.7688628167996
2018-01-01T00:00:00.000000000,6.078020095825195,6.163824559687828,4.8094994250568375,4.841150220761146,11456216000,0.0,0.0,,0.9052340054202492,0.5161248972210111,0.38910910819923816,1.2932476997375488,-12.893419736700794,,,,1.3543251346309901,1.3790521636001811,0.02472702896919099,1.3790521636001811,,2.7234727692984073,-562.7421446330017,-514.0657330163186
2018-02-01T00:00:00.000000000,5.984055042266846,6.230588147092872,5.044409782269775,5.898002978379597,14915528000,0.00375,0.0,,0.9701708689702042,0.5639192100367156,0.4062516589334886,-0.09396505355834961,-14.988565934399695,,,,1.186178364823097,0.1525680512676768,1.0336103135554202,1.186178364823097,,2.708012956386158,-565.5828037000535,-539.3799650964462
2018-03-01T00:00:00.000000000,5.730201721191406,6.297060999088674,5.369203315839822,5.985548053684001,14118440000,0.0,0.0,,1.0162725501330163,0.6115353510994841,0.4047371990335322,-0.25385332107543945,-20.83821003039342,,,,0.9278576832488525,0.3130059568218284,0.6148517264270241,0.9278576832488525,,2.6655913343786044,-567.5031737518561,-565.2760406949704
2018-04-01T00:00:00.000000000,5.564671039581299,5.919731068536879,5.203425387919993,5.659683846667255,11144008000,0.0,0.0,,1.0485630341610688,0.6575382651059667,0.3910247690551021,-0.16553068161010742,-25.327611524460817,,,,0.7163056806168857,0.18952934734547267,0.526776333271413,0.7163056806168857,,2.6367039252324407,-564.3626703338144,-565.8162159285748
2018-05-01T00:00:00.000000000,6.239905834197998,6.445518977966804,5.497866850640126,5.556507817593807,11978240000,0.00375,0.0,,1.097780798096669,0.7038795843681459,0.39390121372852305,0.6752347946166992,-22.577567363767464,,,,0.9476521273266787,0.8808479383855055,0.06680418894117324,0.9476521273266787,,2.7580470899610976,-578.5332334270108,-570.1330258375606
2018-06-01T00:00:00.000000000,5.865211009979248,6.664899842831613,5.818417797226481,6.288575519527682,8785540000,0.0,0.0,,1.1253155011222487,0.7482412598159461,0.3770742413063025,-0.37469482421875,-31.8005493827926,,,,0.8464820456051321,0.4249940086336146,0.4214880369715175,0.8464820456051321,,2.6979989363230694,-600.8460147377103,-581.2473061661786
2018-07-01T00:00:00.000000000,6.062286376953125,6.352947280888367,5.775091602195911,5.795640931529842,6321876000,0.0,0.0,,1.1534116280769275,0.7908907722644705,0.3625208558124571,0.19707536697387695,-28.421867017829324,,,,0.5778556786924565,0.4877362709091191,0.09011940778333738,0.5778556786924565,,2.7315996655446724,-600.6489393707365,-593.342729178486
2018-08-01T00:00:00.000000000,6.949123859405518,6.974872380752216,5.910270709690181,6.093729042341567,10917836000,0.00375,0.0,,1.2059695860761201,0.8345832789814862,0.37138630709463394,0.8868374824523926,-24.57806161453816,,,,1.064601671062035,0.9125860037990909,0.15201566726294402,1.064601671062035,,2.877887291583565,-615.2939583210868,-605.596304143178
2018-09-01T00:00:00.000000000,6.961347579956055,7.065388807957789,6.407947619610354,6.9397962131010305,6340200000,0.0,0.0,,1.249648858981808,0.8782743926657306,0.3713744663160774,0.01222372055053711,-24.96200946465211,,,,0.6574411883474349,0.11626494855227154,0.5411762397951634,0.6574411883474349,,2.8796463220452244,-616.1883864838322,-610.7104280585521
2018-10-01T00:00:00.000000000,5.222619533538818,7.252165406954867,4.36006852605725,7.03912902759173,12977976000,0.0,0.0,,1.224267281382326,0.9146946967411617,0.30957258464116444,-1.7387280464172363,-74.8097359935507,,,,2.8920968808976166,0.2908178269988122,2.6012790538988044,2.8920968808976166,,2.629877433701883,-636.6047744299572,-622.6957064116256
2018-11-01T00:00:00.000000000,4.048440933227539,5.4993201701472545,3.3023169582384657,5.259034264978041,16162340000,0.004,0.0,,1.157201141585785,0.9402216909353326,0.21697945065045243,-1.1741786003112793,-152.5369127009932,,,,2.1970032119087888,0.27670063660843613,1.9203025753003526,2.1970032119087888,,2.4050518279362523,-612.8452892337527,-621.8794833825142
2018-12-01T00:00:00.000000000,3.310333013534546,4.331452943214866,3.086172572097036,4.279876175178889,12451408000,0.0,0.0,,1.0684473246196493,0.9537191260599975,0.11472819855965177,-0.7381079196929932,-239.6963297294786,,,,1.24528037111783,0.2830120099873268,0.9622683611305032,1.24528037111783,,2.2227327742889633,-610.0350039771537,-619.8283558802881
2019-01-01T00:00:00.000000000,3.5644962787628174,3.989260090015349,3.16626456861823,3.239414250300631,16870992000,0.0,0.0,,0.9952466141250684,0.958090440593163,0.03715617353190548,0.2541632652282715,-238.98046011230258,,,,0.8229955213971194,0.6789270764808033,0.1440684449163161,0.8229955213971194,,2.2995115346702018,-586.7649292917386,-603.2150741675486
2019-02-01T00:00:00.000000000,3.8251075744628906,4.09836503263248,3.535484668380068,3.5830938030752435,11445728000,0.004,0.0,,0.9363195882581419,0.9557987719263186,-0.01947918366817669,0.26061129570007324,-222.8521429496263,,,,0.5628803642524121,0.5338687538696627,0.029011610382749353,0.5628803642524121,,2.372624613018127,-581.8243015590793,-592.8747449426573
2019-03-01T00:00:00.000000000,4.4570488929748535,4.592081053290723,3.594234137814151,3.8789432407628635,12068540000,0.0,0.0,,0.9032057888743772,0.9502626684471669,-0.0470568795727897,0.6319413185119629,-186.46534406533578,,,,0.9978469154765723,0.7669734788278326,0.23087343664873972,0.9978469154765723,,2.537833383284071,-565.6578313747083,-578.0823540751754
2019-04-01T00:00:00.000000000,4.492792129516602,4.802323096478086,4.301662188994253,4.548889933150353,9437780000,0.0,0.0,,0.8723695128782953,0.9420633889136014,-0.06969387603530608,0.03574323654174805,-188.4496996874628,,,,0.5006609074838337,0.3452742035032328,0.15538670398060095,0.5006609074838337,,2.5458528682392587,-558.6096230226592,-568.6972519854824
2019-05-01T00:00:00.000000000,3.3623955249786377,4.5888532850373585,3.3606579886664734,4.545166793029555,11180752000,0.004,0.0,,0.8029991765206077,0.9274250507669705,-0.12442587424636276,-1.1303966045379639,-575.3649249547997,,,,1.228195296370885,0.09606115552075689,1.1321341408501282,1.228195296370885,,2.294250619136408,-515.1406177994438,-546.4693573989372
2019-06-01T00:00:00.000000000,4.081178665161133,4.109508182671275,3.2951609893430325,3.377415605267552,8233340000,0.0,0.0,,0.7640092941564176,0.9102233921763859,-0.14621409801996832,0.7187831401824951,-433.8045192535831,,,,0.8143471933282429,0.7471126576926377,0.06723453563560522,0.8143471933282429,0.6213270558865998,2.5080217637988316,-488.76830219114305,-520.8395143377487
2019-07-01T00:00:00.000000000,4.192757606506348,4.445486114274711,3.851810330725802,4.2884316619217575,8415984000,0.0,0.0,,0.7309934235041382,0.8913570796845703,-0.16036365618043213,0.11157894134521484,-418.9515416713845,,,,0.5936757835489095,0.3643074491135785,0.229368334435331,0.5936757835489095,0.6319960034663433,2.535361645362387,-488.65672324979784,-497.5218810801282
2019-08-01T00:00:00.000000000,4.162688255310059,4.310299522284044,3.6626986771455226,4.203194413299988,9450328000,0.004,0.0,,0.6984503994660267,0.8710511133457762,-0.1726007138797495,-0.030069351196289062,-369.15149575017443,,,,0.6476008451385216,0.11754191577769646,0.5300589293608251,0.6476008451385216,0.643674948723231,2.5281899092358753,-488.6867926009941,-488.70393934731163
2019-09-01T00:00:00.000000000,4.329988479614258,4.68644715042185,4.060841437711089,4.0939250230930755,6347768000,0.0,0.0,,0.6733025452336738,0.8502354745971339,-0.17693292936346006,0.16730022430419922,-373.55194005998857,,,,0.6256057127107617,0.5237588951117917,0.10184681759896996,0.6256057127107617,0.655310919173009,2.568380337642515,-487.73822718790933,-488.3605810129004
2019-10-01T00:00:00.000000000,5.000370025634766,5.196384962201874,4.231981928302279,4.353123001219158,7696172000,0.0,0.0,,0.6723432007118268,0.8315099720828911,-0.15916677137106428,0.6703815460205078,-248.14460228656355,,,,0.964403033899595,0.866396482587616,0.098006551311979,0.964403033899595,0.6726143437997797,2.7232032775132997,-470.41615649052295,-482.28039209314215
2019-11-01T00:00:00.000000000,5.3914031982421875,5.507569595823198,4.939922171178597,4.9650458596283675,7321800000,0.004,0.0,,0.6831674726385137,0.8158949721413777,-0.132727499502864,0.3910331726074219,-328.99679427426986,,,,0.5676474246446013,0.5071995701884324,0.06044785445616885,0.5676474246446013,0.6823729043017087,2.801404124771155,-414.29405285963793,-457.4828121793568
2019-12-01T00:00:00.000000000,5.857402801513672,6.01945820570073,4.987878468008104,5.388412103925829,6543532000,0.0,0.0,,0.7070563936092245,0.8044382796643089,-0.09738188605508447,0.4659996032714844,-263.286472022248,,,,1.0315797376926268,0.6280550074585429,0.40352473023408386,1.0315797376926268,0.7004233379844907,2.8878379502775497,-413.82805325636645,-432.8460875355092
2020-01-01T00:00:00.000000000,5.885533332824707,6.459823065778265,5.757083964320175,5.943285979232706,6125412000,0.0,0.0,,0.7272350196931843,0.79631162071998,-0.06907660102679569,0.028130531311035156,-321.6146832237872,,,,0.7027391014580893,0.6024202642645928,0.10031883719349644,0.7027391014580893,0.7123830529445246,2.8926405107748003,-413.7999227250554,-413.97400961368663
2020-02-01T00:00:00.000000000,6.722944259643555,7.874261223245097,5.861136863964719,5.86736010394255,11848652000,0.004,0.0,,0.7722645050681902,0.7937803453882126,-0.021515840320022406,0.8374109268188477,-237.23578026470886,,,,2.0131243592803783,1.9887278904203898,0.024396468859988474,2.0131243592803783,0.7515037620074253,3.034923440708856,-475.1720934272596,-434.26668980289384
2020-03-01T00:00:00.000000000,6.56580924987793,7.096105367699757,4.500418967740676,6.897088673216672,15773952000,0.0,0.0,,0.8046026177009846,0.7949195319474518,0.009683085753532827,-0.157135009765625,-287.7675456119323,,,,2.5956863999590816,0.37316110805620273,2.222525291902879,2.5956863999590816,0.8000067879674034,3.011550495211022,-475.3292284370252,-454.7670815297801
2020-04-01T00:00:00.000000000,7.280177593231201,7.577083552949486,5.937873099412444,6.3677891055860965,11278304000,0.0,0.0,,0.8559355574143659,0.8013422714702849,0.05459328594408097,0.7143683433532715,-284.9173601847722,,,,1.639210453537042,1.0112743030715565,0.6279361504654855,1.639210453537042,0.8291948785968306,3.1203517588734644,-474.61486009367195,-475.0387273193189
2020-05-01T00:00:00.000000000,8.84292221069336,9.148048690417433,6.995229333894596,7.082657205782078,12548876000,0.0,0.0,,0.9535904960907766,0.8173684003777051,0.13622209571307153,1.5627446174621582,-155.31848899764384,,,,2.152819356522837,1.8678710971862316,0.2849482593366055,2.152819356522837,0.8696998366702169,3.335009244552815,-600.4308621934433,-516.7916502413801
2020-06-01T00:00:00.000000000,9.46288776397705,9.60710608620155,8.626219868204819,8.800826647359923,9719464000,0.004,0.0,,1.0593067520471013,0.8428355952902731,0.21647115675682826,0.6199655532836914,-125.19271013673922,,,,0.9808862179967317,0.7641838755081913,0.21670234248854037,0.9808862179967317,0.8879316594909722,3.405117918870225,-645.7166362185715,-573.5874528352289
2020-07-01T00:00:00.000000000,10.580612182617188,10.757541102931178,9.38272728647601,9.490130694631715,8094452000,0.0,0.0,,1.1892384576629587,0.8792990544873979,0.3099394031755608,1.1177244186401367,-130.07306234922092,,,,1.374813816455168,1.2946533389541273,0.08016047750104072,1.374813816455168,0.9093456403592348,3.523234549492755,-759.642413472894,-668.5966372949696
2020-08-01T00:00:00.000000000,13.331485748291016,13.531340444411214,10.680788061926172,10.69798264401333,9672544000,0.0,0.0,,1.3972641052309447,0.9338216914077712,0.4634424138231735,2.750873565673828,-78.4314216682689,,,,2.8505523824850414,2.9507282617940263,0.10017587930898486,2.9507282617940263,0.9664109761773774,3.783226459052886,-1034.2714740552237,-813.2101745822297
2020-09-01T00:00:00.000000000,13.486984252929688,14.679386891917511,11.666607676238801,13.436645801700843,15856552000,0.004,0.0,,1.5836884262712614,1.002228716130244,0.5814597101410175,0.15549850463867188,-71.0196658886571,,,,3.0127792156787105,1.3479011436264958,1.6648780720522147,3.0127792156787105,1.0211576606270305,3.7948904631687514,-1148.920620301215,-980.9448359431108
2020-10-01T00:00:00.000000000,12.497427940368652,14.30663333915812,12.264110514178018,13.717856457106247,8022356000,0.0,0.0,,1.7104395784618012,1.0767772279546184,0.6336623505071828,-0.9895563125610352,-91.34701763423936,,,,2.042522824980102,0.8196490862284325,1.2228737387516695,2.042522824980102,1.058080201945998,3.721519256232992,-1149.910176613776,-1111.0340903234048
2020-11-01T00:00:00.000000000,13.362397193908691,14.64863322675896,12.358834641413445,12.620817669054976,7594820000,0.0,0.0,,1.8483821545616452,1.1579987991764107,0.6903833553852345,0.8649692535400391,-88.91364480305113,,,,2.2897985853455154,2.151205286390308,0.13859329895520744,2.2897985853455154,1.098037387073379,3.7907310378625585,-1149.045207360236,-1149.2920014250756
2020-12-01T00:00:00.000000000,13.01690673828125,13.691182994180698,12.726008089774806,13.452881010656952,5120996000,0.004,0.0,,1.9536854118121498,1.2417552847170148,0.711930127095135,-0.3454904556274414,-88.14220486427932,,,,0.9651749044058917,0.32878580027200677,0.6363891041338849,0.9651749044058917,1.1127908615959665,3.764875613075086,-1149.3906978158634,-1149.4486939299584
2021-01-01T00:00:00.000000000,12.955676078796387,13.962528529184324,12.552985701028998,13.069875775829916,6154172000,0.0,0.0,,2.039555184382481,1.325734221523906,0.7138209628585748,-0.06123065948486328,-92.33328209912148,,,,1.4095428281553257,0.9456217909030737,0.463921037252252,1.4095428281553257,1.1268791078608227,3.760171679896799,-1149.4519284753483,-1149.2959445504823
2021-02-01T00:00:00.000000000,13.678524017333984,15.332174679761716,12.868903020539227,13.01900851986273,6680324000,0.0,0.0,,2.1352189111151834,1.410943136217725,0.7242757748974584,0.7228479385375977,-94.58336271020704,,,,2.463271659222489,2.376498600965329,0.08677305825715997,2.463271659222489,1.1588236454221335,3.815965598650343,-1214.007859321231,-1170.950161870814
2021-03-01T00:00:00.000000000,13.313236236572266,13.888473150381092,11.53615931540616,13.838604116483546,7648656000,0.004,0.0,,2.201386940255733,1.494147747169094,0.7072391930866391,-0.36528778076171875,-105.95558430241374,,,,2.3523138349749324,0.2099491330471075,2.142364701927825,2.3523138349749324,1.1995741014306152,3.789260394178076,-1214.3731471019928,-1192.6109782995238
2021-04-01T00:00:00.000000000,14.975292205810547,16.177297537206325,13.480456779281699,13.541318579555591,6718796000,0.0,0.0,,2.31179287668245,1.5802156555389208,0.731577221143529,1.6620559692382812,-51.18035703310988,,,,2.696840757924626,2.8640613006340594,0.16722054270943332,2.8640613006340594,1.2444311788295372,3.9141027645607567,-1297.2233768772153,-1241.868127766813
2021-05-01T00:00:00.000000000,16.20747947692871,16.24040521683252,13.428327803221299,15.090531506801383,7054380000,0.0,0.0,,2.4462482794636182,1.6713769843730997,0.7748712950905186,1.232187271118164,-31.394538967107867,,,,2.812077413611222,1.265113011021974,1.5469644025892482,2.812077413611222,1.2933577936659932,3.9963841153473587,-1302.3019575687167,-1271.2994938493082
2021-06-01T00:00:00.000000000,19.95691680908203,20.11655203262983,15.867007803690784,16.232922732158485,10273292000,0.004,0.0,,2.689455154723195,1.7785431075678466,0.9109120471553482,3.7494373321533203,-18.497285759967944,,,,4.249544228939046,3.909072555701119,0.3404716732379267,4.249544228939046,1.371364222291236,4.227724055496019,-1678.2380941606964,-1425.921142868876
2021-07-01T00:00:00.000000000,19.45901870727539,20.832196731673744,17.82886707640106,20.08373457364954,7823077000,0.0,4.0,,2.8806472336537468,1.8945540682084676,0.9860931654452791,-0.4978981018066406,-22.505012603114256,,,,3.003329655272683,0.8752799225917123,2.128049732680971,3.003329655272683,1.409387367825681,4.20277540703645,-1737.5397165151387,-1572.693256081517
2021-08-01T00:00:00.000000000,22.33910369873047,22.99575362541379,18.723530930562774,19.6596093548647,6416386000,0.004,0.0,,3.1427618214134796,2.0259443580195216,1.116817463393958,2.880084991455078,-19.320865423823175,,,,4.272222694851017,3.5367349181384,0.7354877767126169,4.272222694851017,1.4818011783120688,4.350783126992969,-1951.0153208976885,-1788.9310438578407
2021-09-01T00:00:00.000000000,20.677169799804688,22.942915397878625,20.428635973918396,22.44285501412782,4998986000,0.0,0.0,,3.308881280797346,2.160990349890872,1.147890930906474,-1.6619338989257812,-32.29937806728287,,,,2.514279423960229,0.6038116991481566,1.9104677248120723,2.514279423960229,1.516607015924493,4.276387398259223,-1952.6772547966143,-1880.4107640698137
2021-10-01T00:00:00.000000000,25.519081115722656,25.660815173708563,19.51834982693856,20.711109822983687,4971078000,0.0,0.0,,3.6158330279187023,2.314131684420117,1.3017013434985851,4.841911315917969,-24.916418575357334,,,,6.1424653467700026,4.983645373903876,1.1588199728661266,6.1424653467700026,1.628766164780459,4.510554422218358,-2214.3414983101734,-2039.3446913348253
2021-11-01T00:00:00.000000000,32.61475372314453,34.5820601274486,25.179716055389264,25.60092597974591,10811170000,0.0,0.0,,4.125742137045965,2.5048275215386275,1.620914615507337,7.095672607421875,-14.045368726501515,,,,9.402344072059336,9.062979011725943,0.3393650603333924,9.402344072059336,1.8027330916883368,4.788608031407684,-3099.3703210767553,-2422.1296913945143
2021-12-01T00:00:00.000000000,29.35586929321289,33.226602265323194,27.094117997340867,33.15673378275322,11058505000,0.004,0.0,,4.453780798989314,2.709980498112384,1.7438003008769298,-3.2588844299316406,-29.149658480424854,,,,6.132484267982328,0.611848542178663,5.520635725803665,6.132484267982328,1.9101167377767394,4.68868747221551,-3066.2429744142405,-2793.3182646003897
2022-01-01T00:00:00.000000000,24.443096160888672,30.657189215963207,20.851400934047195,29.762759261387846,10682164000,0.0,0.0,,4.561419961903683,2.9048688627219947,1.656551099181688,-4.912773132324219,-60.64224111318728,,,,9.805788281916012,1.3013199227503165,8.504468359165696,9.805788281916012,2.092671462610289,4.521335141979455,-3071.1557475465647,-3078.9230143458535
2022-02-01T00:00:00.000000000,24.34227180480957,26.87782011978566,20.8533950531952,25.060011805649353,10644270000,0.0,0.0,,4.640412500488059,3.0875576666973696,1.5528548337906898,-0.10082435607910156,-61.20549567820191,,,,6.02442506659046,2.4347239588969884,3.5897011076934717,6.02442506659046,2.203273587510875,4.517210281715622,-3031.8404386066522,-3056.4130535224854
2022-03-01T00:00:00.000000000,27.238191604614258,28.895282972735675,20.613818834335078,24.24844019873536,11644599000,0.004,0.0,,4.798152776562521,3.2676203098410697,1.5305324667214513,2.8959197998046875,-53.91524629790477,,,,8.281464138400597,4.553011167926105,3.7284529704744926,8.281464138400597,2.341321827006883,4.6361769838799,-3012.00161023832,-3038.3325987971784
2022-04-01T00:00:00.000000000,18.517658233642578,27.51440188207356,18.261064856069687,27.33169083717864,11114390000,0.0,0.0,,4.620559185624485,3.410034928344587,1.2105242572798978,-8.72053337097168,-155.88590835665318,,,,9.253337026003873,0.2762102774593025,8.97712674854457,9.253337026003873,2.502665000230499,4.316018674636845,-2994.1468767048905,-3012.6629751832866
2022-05-01T00:00:00.000000000,18.642459869384766,20.367724732127243,15.542371801913376,18.511666606808586,13833021000,0.0,0.0,,4.45349752467607,3.51987309637948,0.9336244282965902,0.1248016357421875,-159.01786575351542,,,,4.825352930213867,1.850066498484665,2.9752864317292023,4.825352930213867,2.5806149051697993,4.32275827605769,-2994.0220750691483,-3000.0568540041186
2022-06-01T00:00:00.000000000,15.135016441345215,19.587959096221454,14.83848641125098,18.69437657620021,10554791000,0.004,0.0,,4.169676312398357,3.5882734349077827,0.5814028774905742,-3.507443428039551,-264.9279425773284,,,,4.749472684970474,0.945499226836688,3.803973458133786,4.749472684970474,2.6612782452568706,4.134615538853809,-2997.529518497188,-2995.232823423741
2022-07-01T00:00:00.000000000,18.138099670410156,18.218987999280966,14.035731702017596,14.878574489052333,10564476000,0.0,0.0,,4.009754965052917,3.6326399117651653,0.3771150532877514,3.0030832290649414,-200.60279829607475,,,,4.18325629726337,3.083971557935751,1.0992847393276186,4.18325629726337,2.7259903286556044,4.333035093976408,-2994.526435268123,-2995.3593429448188
2022-08-01T00:00:00.000000000,15.073305130004883,19.24757441691867,14.938489994118408,18.157070651068175,12069648000,0.0,0.0,,3.749004922716079,3.644888860286314,0.10411606242976479,-3.0647945404052734,-331.0489918442098,,,,4.309084422800263,1.1094747465085142,3.1996096762917485,4.309084422800263,2.7952423761995067,4.164065102847455,-2997.591229808528,-2996.5490611912787
2022-09-01T00:00:00.000000000,12.122357368469238,14.527055992537022,11.929622131491975,14.189519093442547,13130578000,0.004,0.0,,3.403282109275839,3.619456570706264,-0.21617446143042507,-2.9509477615356445,-547.7789011961459,,,,2.5974338610450474,0.5462491374678606,3.143682998512908,3.143682998512908,2.8465589225959156,3.9682919969437274,-2858.234218534559,-2950.117294537069
2022-10-01T00:00:00.000000000,13.482501029968262,13.835122471441734,10.801384213961624,12.333736760924305,12549277000,0.0,0.0,,3.1332482101113914,3.568276743275225,-0.4350285331638335,1.3601436614990234,-490.74509800906696,,,,3.0337382574801097,1.7127651029724955,1.3209731545076142,3.0337382574801097,2.885941654324277,4.080493247917966,-2752.195807659327,-2869.3404186674707
2022-11-01T00:00:00.000000000,16.904823303222656,16.97974160237512,12.942084259164709,13.796165444482442,10600603000,0.004,0.0,,3.0032169463490987,3.5087967646514224,-0.5055798183023237,3.4223222732543945,-377.5486436649554,,,3070.7927745746165,4.037657343210412,3.4972405724068594,0.540416770803553,4.037657343210412,2.9535459774215367,4.334327626691416,-2587.30542248936,-2732.5784828944147
2022-12-01T00:00:00.000000000,14.602033615112305,18.774614683213745,13.87263088166424,16.98508088147144,8946152000,0.0,0.0,,2.7985436922289058,3.4340332833437888,-0.635489591114883,-2.3027896881103516,-637.0783952226707,,,2900.0894829052686,4.901983801549505,1.8697913799910886,3.032192421558417,4.901983801549505,2.9937437158345745,4.198106759616671,-2514.7139777686225,-2618.0717359724363
2023-01-01T00:00:00.000000000,19.521005630493164,20.61111202774347,14.022510700840442,14.838841255348303,9454960000,0.0,0.0,,2.7798013143582683,3.3651667602926816,-0.5853654459344133,4.918972015380859,-366.2074617571029,,,3942.892207132905,6.588601326903028,6.009078412631165,0.5795229142718625,6.588601326903028,3.0815756781344588,4.5349757290381625,-2381.2869889836757,-2494.4354630805524
2023-02-01T00:00:00.000000000,23.196990966796875,23.86844163554406,19.59494310129041,19.674877523209176,10393479000,0.0,0.0,,2.8831917849418645,3.3144325523610165,-0.43124076741915207,3.675985336303711,-331.86732145405034,,,4163.520008413525,4.273498534253648,4.347436005050895,0.07393747079724733,4.347436005050895,3.14361879081312,4.723284948649347,-2365.6719845958623,-2420.5576504493865
2023-03-01T00:00:00.000000000,27.754255294799805,27.81120782767455,22.278743037492614,23.17300872041817,11263731000,0.004,0.0,,3.1256531117895605,3.2945610323008636,-0.1689079205113031,4.55726432800293,-229.47897898961776,,,4532.5729859925195,5.532464790181937,4.614216860877676,0.9182479293042611,5.532464790181937,3.237808176188816,4.919744236602944,-2361.1147202678594,-2369.357897949132
2023-04-01T00:00:00.000000000,27.730993270874023,28.091759066584732,26.202984256269623,27.49114924384102,7436450000,0.0,0.0,,3.3314598915955393,3.2984451227529346,0.03301476884260479,-0.02326202392578125,-208.57949494135647,,,3921.755168259755,1.888774810315109,0.3375037717849274,1.5512710385301816,1.888774810315109,3.2643260651100703,4.918906093994587,-2361.137982291785,-2362.6415623851685
2023-05-01T00:00:00.000000000,37.809444427490234,41.91078092095992,27.222320334092363,27.82193130039877,11697819000,0.0,0.0,,3.856189827117337,3.357155091633398,0.49903473548393906,10.078451156616211,-129.9710894503586,,,4804.293537103292,14.68846058686756,14.179787650085899,0.5086729367816609,14.68846058686756,3.5381383385378897,5.2823424504990495,-3083.931610486301,-2602.0614376819817
2023-06-01T00:00:00.000000000,42.2745475769043,43.96145573972558,37.331757983186314,38.46402217873747,10527050000,0.004,0.0,,4.4674420877401495,3.474027407013056,0.9934146807270934,4.4651031494140625,-107.42015511658516,,,5157.2069846028335,6.629697756539265,6.152011312235345,0.47768644430392015,6.629697756539265,3.660719075518998,5.400437366121973,-3284.5339892134525,-2909.867860663846
2023-07-01T00:00:00.000000000,46.70349884033203,48.06175835712482,41.323437065317115,42.49379564057489,8706845000,0.0,0.0,,5.152630113561877,3.6507224287550373,1.5019076848068393,4.428951263427734,-92.94635904206714,,,6435.721317275905,6.738321291807708,5.787210780220526,0.9511105115871814,6.738321291807708,3.770921595427734,5.505203744883821,-3690.1352996899495,-3352.866966463234
2023-08-01T00:00:00.000000000,49.328067779541016,50.23856996858719,40.28900414039096,46.434647049587184,13632152000,0.0,0.0,,5.8387042749702935,3.8810363073040115,1.957667967666282,2.6245689392089844,-87.98814571666611,-10.77271818850123,31.622667160964838,6347.3545157591325,9.949565828196235,3.5350711282551615,6.4144946999410735,9.949565828196235,3.9536259681250936,5.561400154240254,-3905.1918918969773,-3626.6203936001257
2023-09-01T00:00:00.000000000,43.47527313232422,49.7728348118281,40.95764616571735,49.734857339258056,8579273000,0.004,0.0,,6.228066575303647,4.128092124988184,2.0999744503154627,-5.852794647216797,-122.18962368706315,-11.253925634401565,32.96271723248316,4883.226720971118,8.815188646110748,0.44476703228708203,8.370421613823666,8.815188646110748,4.11805622537633,5.442749760850139,-3911.044686544194,-3835.4572927103727
2023-10-01T00:00:00.000000000,40.7611083984375,47.5869474031412,39.21182716227926,44.00960291193356,10141101000,0.0,0.0,,6.461746055609076,4.373739907158804,2.0880061484502725,-2.7141647338867188,-153.45275021573033,-11.54455699076075,34.05883635808844,4585.272157822885,8.37512024086194,4.111674270816984,4.263445970044955,8.37512024086194,4.272606613290799,5.380319681903293,-3913.758851278081,-3909.998476573083
2023-11-01T00:00:00.000000000,46.74833297729492,50.52458259356618,40.8500658006502,40.86505824142159,9144618000,0.0,0.0,,6.859565343144933,4.635405742525765,2.224159600619168,5.987224578857422,-129.56102917256294,-12.055321403932624,35.4949104799748,3986.461535704096,9.67451679291598,9.76347419512868,0.08895740221269932,9.76347419512868,4.455363982939158,5.527205397579438,-3936.3728891971223,-3920.3921423397983
2023-12-01T00:00:00.000000000,49.49905776977539,50.40963503782242,44.98914696432336,46.5034483274301,7411887000,0.004,0.0,,7.2894311063242405,4.914776833451921,2.37465427287232,2.7507247924804688,-133.9410172262291,-12.628310121752786,37.04699873850541,4189.083968819072,5.420488073499058,3.661302060527497,1.7591860129715613,5.420488073499058,4.544485683731146,5.586046528744831,-3933.622164404642,-3927.917968293281
2024-01-01T00:00:00.000000000,61.503902435302734,63.46916397816689,47.3022351855174,49.22551267873433,9706237000,0.0,0.0,,8.069140895296403,5.24681515575134,2.8223257395450636,12.004844665527344,-92.9272304903712,-13.792581194223525,39.429365639270905,4287.573810868481,16.166928792649493,13.970106208391499,2.196822584257994,16.166928792649493,4.856471311091244,5.828573259685103,-5216.075458199185,-4362.0235039336485
2024-02-01T00:00:00.000000000,79.08230590820312,82.36307173607025,61.626862043710005,62.07669009177211,11077899000,0.0,0.0,,9.352097536261493,5.678950143173461,3.6731473930880316,17.57840347290039,-68.85608229707918,-16.014017406126143,43.218657476326115,5151.619970723817,20.736209692360248,20.85916930076752,0.12295960840727105,20.85916930076752,5.253023102352743,6.114382822604976,-7087.887830516621,-5412.528484373482
2024-03-01T00:00:00.000000000,90.32207489013672,97.36342864625071,79.4051703865356,79.96996067428728,12149218000,0.004,0.0,,10.858068782572314,6.224120526268077,4.633948256304237,11.239768981933594,-53.714212208209084,-18.744460586771634,47.740123239025735,5259.629272194643,17.95825825971511,18.281122738047586,0.3228644783324768,18.281122738047586,5.604590775084533,6.256510304256566,-8576.683752552732,-6960.215680422846
2024-04-01T00:00:00.000000000,86.37361907958984,92.19470438681584,75.58116773157761,90.2693421649785,10074181000,0.0,0.0,,12.02862551655505,6.835121051561442,5.193504464993607,-3.948455810546875,-67.96151824787502,-20.746993730019394,51.45404625172502,4835.1838825801915,16.613536655238235,1.8726294966791244,14.74090715855911,16.613536655238235,5.896599021003691,6.212795013001913,-8580.632208363279,-8081.734597144209
2024-05-01T00:00:00.000000000,109.59699249267578,115.7809576106713,81.22830772862888,85.04905855413668,9647971000,0.0,0.0,,13.84455828408646,7.572956549721971,6.27160173436449,23.223373413085938,-53.72364922614144,-24.161354233848858,57.04605483971815,4733.100543225983,34.55264988204242,29.40733853108145,5.1453113509609665,34.55264988204242,6.535738290645358,6.481666152830922,-10399.161731392252,-9185.492564102753
2024-06-01T00:00:00.000000000,123.49942016601562,140.7137572878298,111.96620730795978,113.5836796669494,7442539100,0.01,10.0,,15.904439137688449,8.449954716876338,7.454484420812111,13.902427673339844,-40.46881930820437,-28.109379691827613,63.448766900050956,4597.2775339991995,28.747549979870016,31.116764795154012,2.3692148152839962,31.116764795154012,7.1252893774776975,6.608516601526117,-12878.539271434762,-10619.444403730098
2024-07-01T00:00:00.000000000,116.99115753173828,136.11644027365116,102.51473034137915,123.43957253147876,6405438600,0.0,0.0,,17.46387245843382,9.398788163356073,8.065084295077746,-6.508262634277344,-42.890442443668356,-30.943124580304932,68.60488629571708,4250.291880348473,33.601709932272016,12.61702010763554,20.984689824636476,33.601709932272016,7.754267188992681,6.555817871236302,-12885.04753406904,-12054.249512298686
2024-08-01T00:00:00.000000000,119.34059143066406,131.227653641652,90.66765752852166,117.5010408179632,8105367800,0.0,0.0,,18.88233517101753,10.3970562694257,8.48527890159183,2.3494338989257812,-41.67805156433563,-33.528007228245755,73.55918109642508,4674.371747282104,40.55999611313035,14.23649610991373,26.323500003216623,40.55999611313035,8.545849386895354,6.575900020592662,-12882.698100170113,-12882.09496855797
2024-09-01T00:00:00.000000000,121.41007995605469,127.63854062963995,100.92512314435388,115.98141758814278,6272211000,0.01,0.0,,20.16150941317421,11.42489344245186,8.73661597072235,2.069488525390625,-42.04380875443111,-35.896292006496104,78.3327878589665,4419.266638007326,26.713417485286072,8.297949198975886,18.415468286310187,26.713417485286072,9.052621460271972,6.593241048490893,-12880.628611644723,-12882.791415294625
2024-10-01T00:00:00.000000000,132.7386474609375,144.39677626131405,115.12148553793544,121.7504167258101,5627917200,0.0,0.0,,21.635811264462227,12.499726897400318,9.136084367061908,11.328567504882812,-27.029108640014098,-38.63212541617036,83.70031280554414,5060.286868471162,29.275290723378603,22.986696305259358,6.288594418119246,29.275290723378603,9.579112709503661,6.6865493430656375,-13237.601941488265,-13000.309551101032
2024-11-01T00:00:00.000000000,138.22776794433594,152.8654130679348,131.77880822351642,134.6783357704476,4498075300,0.0,0.0,,23.075865226679447,13.613004616271805,9.462860610407642,5.4891204833984375,-25.81664567740584,-41.339564562354596,89.14427181533388,3782.7489658401782,21.08660484441839,20.12676560699731,0.9598392374210789,21.08660484441839,9.940589222078454,6.727902186328666,-14078.976501666943,-13399.069018266642
2024-12-01T00:00:00.000000000,134.26840209960938,146.5164325408326,126.83960402034128,138.80768070055768,4085855200,0.01,0.0,,24.15190958562097,14.722363034098034,9.429546551522936,-3.9593658447265625,-26.29392047539646,-43.4815019040564,93.94145989947113,3662.0900496713125,19.676828520491313,8.288664596496659,11.388163923994654,19.676828520491313,10.293275335988678,6.699258405823428,-14082.93586751167,-13799.838103555623
2025-01-01T00:00:00.000000000,120.0589599609375,153.11592547489815,116.23931149273263,135.98749559579903,5950612600,0.0,0.0,,24.543698604288096,15.756187830960148,8.787510773327948,-14.209442138671875,-44.67611408842792,-44.69565466533983,97.52308726202334,2892.389395150388,36.87661398216552,18.847523375288773,18.02909060687675,36.87661398216552,10.985011643925079,6.593429767689115,-14122.196550346676,-14094.702973175094
2025-02-01T00:00:00.000000000,124.90850830078125,143.42680914376245,112.9996077234479,114.73944554602024,4755230400,0.0,0.0,,24.98999132306993,16.728167145919073,8.261824177150856,4.84954833984375,-38.666551394150574,-45.960443180515796,101.2510427412534,2885.9301424548967,30.42720142031456,23.367849182824955,7.059352237489605,30.42720142031456,11.574252174243252,6.633822824079256,-14117.347002006833,-14107.493139955057
2025-03-01T00:00:00.000000000,108.37003326416016,123.68862450432246,103.64047239201705,123.49864715961388,6177950300,0.01,0.0,,24.73792292325703,17.57129933300728,7.166623590249753,-16.538475036621094,-58.24245836204459,-46.46366889238613,103.87631645441311,2353.2165240012523,20.048152112305416,1.219883796458788,21.268035908764205,21.268035908764205,11.971422035855431,6.5014181123297865,-14133.885477043454,-14124.47634313232
2025-04-01T00:00:00.000000000,98.78500366210938,111.9800033569336,86.62000274658203,108.5199966430664,2281552560,0.0,0.0,,24.107700045724528,18.259341513293304,5.848358532431224,-9.585029602050781,-76.95207073010413,-46.606239951453674,105.9420041831355,1833.0400407047794,25.360000610351562,3.6099700927734375,21.750030517578125,25.360000610351562,12.42935661487801,6.412970879147837,-13931.541202170398,-14060.924560406893
